{"cameraMode":{"drawMode":0,"name":"Shaded","section":"Shading Mode"},"sceneLighting":false,"audioPlay":false,"sceneViewState":{"m_AlwaysRefresh":false,"showFog":false,"showSkybox":false,"showFlares":false,"showImageEffects":false,"showParticleSystems":false,"showVisualEffectGraphs":true,"m_FxEnabled":true},"in2DMode":false,"pivot":{"x":-0.02073739282786846,"y":0.37135276198387148,"z":-0.8942039012908936},"rotation":{"x":-0.004551788792014122,"y":-0.9839615821838379,"z":0.18014220893383027,"w":-0.014959070831537247},"size":1.6939109563827515,"orthographic":false}