{"cameraMode":{"drawMode":0,"name":"Shaded","section":"Shading Mode"},"sceneLighting":true,"audioPlay":false,"sceneViewState":{"m_AlwaysRefresh":false,"showFog":true,"showSkybox":true,"showFlares":true,"showImageEffects":true,"showParticleSystems":true,"showVisualEffectGraphs":true,"m_FxEnabled":true},"in2DMode":false,"pivot":{"x":0.15449297428131104,"y":0.16039824485778809,"z":0.2229021191596985},"rotation":{"x":-0.3645433485507965,"y":-0.48422402143478396,"z":0.22945895791053773,"w":-0.7621625065803528},"size":1.1152215003967286,"orthographic":false}