{"cameraMode":{"drawMode":0,"name":"Shaded","section":"Shading Mode"},"sceneLighting":true,"audioPlay":false,"sceneViewState":{"m_AlwaysRefresh":false,"showFog":true,"showSkybox":true,"showFlares":true,"showImageEffects":true,"showParticleSystems":true,"showVisualEffectGraphs":true,"m_FxEnabled":true},"in2DMode":false,"pivot":{"x":-0.01535076554864645,"y":1.3032563924789429,"z":1.2541782855987549},"rotation":{"x":-0.001915346598252654,"y":-0.9910051822662354,"z":0.13723044097423554,"w":-0.0003118670720141381},"size":1.1152215003967286,"orthographic":false}