{"cameraMode":{"drawMode":0,"name":"Shaded","section":"Shading Mode"},"sceneLighting":true,"audioPlay":false,"sceneViewState":{"m_AlwaysRefresh":false,"showFog":true,"showSkybox":true,"showFlares":true,"showImageEffects":true,"showParticleSystems":true,"showVisualEffectGraphs":true,"m_FxEnabled":true},"in2DMode":false,"pivot":{"x":-0.16550765931606294,"y":0.8654654622077942,"z":0.8664347529411316},"rotation":{"x":-0.004192165099084377,"y":-0.9823647141456604,"z":0.1890086680650711,"w":-0.01200107205659151},"size":1.1152215003967286,"orthographic":false}