{"cameraMode":{"drawMode":0,"name":"Shaded","section":"Shading Mode"},"sceneLighting":true,"audioPlay":false,"sceneViewState":{"m_AlwaysRefresh":false,"showFog":true,"showSkybox":true,"showFlares":true,"showImageEffects":true,"showParticleSystems":true,"showVisualEffectGraphs":true,"m_FxEnabled":true},"in2DMode":false,"pivot":{"x":-0.09039054811000824,"y":1.497846245765686,"z":1.0532722473144532},"rotation":{"x":0.0002097720862366259,"y":0.9918880462646484,"z":-0.12980134785175324,"w":-0.012505951337516308},"size":1.216221809387207,"orthographic":false}