{"cameraMode":{"drawMode":0,"name":"Shaded","section":"Shading Mode"},"sceneLighting":false,"audioPlay":false,"sceneViewState":{"m_AlwaysRefresh":false,"showFog":true,"showSkybox":false,"showFlares":true,"showImageEffects":true,"showParticleSystems":true,"showVisualEffectGraphs":true,"m_FxEnabled":true},"in2DMode":false,"pivot":{"x":-0.059213995933532718,"y":0.4811844527721405,"z":-0.2484169602394104},"rotation":{"x":-0.0023000482469797136,"y":0.9891573786735535,"z":-0.1513235718011856,"w":-0.006994727533310652},"size":1.4666306972503663,"orthographic":false}