{"cameraMode":{"drawMode":0,"name":"Shaded","section":"Shading Mode"},"sceneLighting":false,"audioPlay":false,"sceneViewState":{"m_AlwaysRefresh":false,"showFog":false,"showSkybox":false,"showFlares":false,"showImageEffects":false,"showParticleSystems":false,"showVisualEffectGraphs":true,"m_FxEnabled":true},"in2DMode":false,"pivot":{"x":0.02257096767425537,"y":1.0373287200927735,"z":-0.13553768396377564},"rotation":{"x":-0.08483196049928665,"y":0.909597635269165,"z":-0.25204089283943179,"w":-0.32294121384620669},"size":0.671044647693634,"orthographic":false}