{"cameraMode":{"drawMode":0,"name":"Shaded","section":"Shading Mode"},"sceneLighting":false,"audioPlay":false,"sceneViewState":{"m_AlwaysRefresh":false,"showFog":false,"showSkybox":false,"showFlares":false,"showImageEffects":false,"showParticleSystems":false,"showVisualEffectGraphs":true,"m_FxEnabled":true},"in2DMode":false,"pivot":{"x":0.10969480872154236,"y":1.1263399124145508,"z":0.5973290801048279},"rotation":{"x":-0.013193274848163128,"y":0.9803034663200378,"z":-0.18446873128414155,"w":-0.07033921033143997},"size":0.5098445415496826,"orthographic":false}