{"cameraMode":{"drawMode":0,"name":"Shaded","section":"Shading Mode"},"sceneLighting":false,"audioPlay":false,"sceneViewState":{"m_AlwaysRefresh":false,"showFog":false,"showSkybox":false,"showFlares":false,"showImageEffects":false,"showParticleSystems":false,"showVisualEffectGraphs":true,"m_FxEnabled":true},"in2DMode":false,"pivot":{"x":0.19154900312423707,"y":1.1435000896453858,"z":0.5825858116149902},"rotation":{"x":-0.004908259026706219,"y":0.9840600490570068,"z":-0.17601874470710755,"w":-0.027688561007380487},"size":0.5098445415496826,"orthographic":false}