{"cameraMode":{"drawMode":0,"name":"Shaded","section":"Shading Mode"},"sceneLighting":false,"audioPlay":false,"sceneViewState":{"m_AlwaysRefresh":false,"showFog":false,"showSkybox":false,"showFlares":false,"showImageEffects":false,"showParticleSystems":false,"showVisualEffectGraphs":true,"m_FxEnabled":true},"in2DMode":false,"pivot":{"x":0.1492731273174286,"y":0.9763630032539368,"z":0.08335041999816895},"rotation":{"x":-0.019282737746834756,"y":0.978415846824646,"z":-0.18584272265434266,"w":-0.09556034207344055},"size":0.9360895156860352,"orthographic":false}