{"cameraMode":{"drawMode":0,"name":"Shaded","section":"Shading Mode"},"sceneLighting":false,"audioPlay":false,"sceneViewState":{"m_AlwaysRefresh":false,"showFog":false,"showSkybox":false,"showFlares":false,"showImageEffects":false,"showParticleSystems":false,"showVisualEffectGraphs":true,"m_FxEnabled":true},"in2DMode":false,"pivot":{"x":-0.0674085021018982,"y":0.9217264652252197,"z":-0.16774272918701173},"rotation":{"x":0.0010156461503356696,"y":0.9899860620498657,"z":-0.01533899549394846,"w":0.14501722157001496},"size":1.2001168727874756,"orthographic":false}