{"cameraMode":{"drawMode":0,"name":"Shaded","section":"Shading Mode"},"sceneLighting":false,"audioPlay":false,"sceneViewState":{"m_AlwaysRefresh":false,"showFog":false,"showSkybox":false,"showFlares":false,"showImageEffects":false,"showParticleSystems":false,"showVisualEffectGraphs":true,"m_FxEnabled":true},"in2DMode":false,"pivot":{"x":-0.04129058122634888,"y":0.7917123436927795,"z":0.04206371307373047},"rotation":{"x":-0.00877427402883768,"y":-0.9836367964744568,"z":0.17290113866329194,"w":-0.04991675168275833},"size":1.3338247537612916,"orthographic":false}