{"cameraMode":{"drawMode":0,"name":"Shaded","section":"Shading Mode"},"sceneLighting":true,"audioPlay":false,"sceneViewState":{"m_AlwaysRefresh":false,"showFog":true,"showSkybox":true,"showFlares":true,"showImageEffects":true,"showParticleSystems":true,"showVisualEffectGraphs":true,"m_FxEnabled":true},"in2DMode":false,"pivot":{"x":0.12929746508598329,"y":-0.7215027809143066,"z":3.6076269149780275},"rotation":{"x":-0.0011271316325291992,"y":0.9986518025398254,"z":-0.06331972777843476,"w":0.004516449756920338},"size":0.5526125431060791,"orthographic":false}