{"cameraMode":{"drawMode":0,"name":"Shaded","section":"Shading Mode"},"sceneLighting":true,"audioPlay":false,"sceneViewState":{"m_AlwaysRefresh":false,"showFog":true,"showSkybox":true,"showFlares":true,"showImageEffects":true,"showParticleSystems":true,"showVisualEffectGraphs":true,"m_FxEnabled":true},"in2DMode":false,"pivot":{"x":-0.9600479006767273,"y":1.3797318935394288,"z":1.126842975616455},"rotation":{"x":-0.043578460812568668,"y":-0.9190713167190552,"z":0.11193494498729706,"w":-0.37704211473464968},"size":0.8755433559417725,"orthographic":false}