{"cameraMode":{"drawMode":0,"name":"Shaded","section":"Shading Mode"},"sceneLighting":true,"audioPlay":false,"sceneViewState":{"m_AlwaysRefresh":false,"showFog":true,"showSkybox":true,"showFlares":true,"showImageEffects":true,"showParticleSystems":true,"showVisualEffectGraphs":true,"m_FxEnabled":true},"in2DMode":false,"pivot":{"x":0.36293625831604006,"y":0.8877012133598328,"z":1.037895917892456},"rotation":{"x":-0.001307946746237576,"y":0.9805237650871277,"z":-0.19671957194805146,"w":-0.0070051816292107109},"size":1.4686765670776368,"orthographic":false}