{"cameraMode":{"drawMode":0,"name":"Shaded","section":"Shading Mode"},"sceneLighting":true,"audioPlay":false,"sceneViewState":{"m_AlwaysRefresh":false,"showFog":true,"showSkybox":true,"showFlares":true,"showImageEffects":true,"showParticleSystems":true,"showVisualEffectGraphs":true,"m_FxEnabled":true},"in2DMode":false,"pivot":{"x":0.15584813058376313,"y":1.0517373085021973,"z":0.3891013264656067},"rotation":{"x":-0.000350452697603032,"y":0.9894014596939087,"z":-0.14985620975494386,"w":0.004860496614128351},"size":1.3752175569534302,"orthographic":false}