{"cameraMode":{"drawMode":0,"name":"Shaded","section":"Shading Mode"},"sceneLighting":true,"audioPlay":false,"sceneViewState":{"m_AlwaysRefresh":false,"showFog":true,"showSkybox":true,"showFlares":true,"showImageEffects":true,"showParticleSystems":true,"showVisualEffectGraphs":true,"m_FxEnabled":true},"in2DMode":false,"pivot":{"x":0.6056578755378723,"y":0.7217323780059815,"z":-0.6994922161102295},"rotation":{"x":0.006585614290088415,"y":0.9941419959068298,"z":-0.117087721824646,"w":0.01638978347182274},"size":1.633777379989624,"orthographic":false}