{"cameraMode":{"drawMode":0,"name":"Shaded","section":"Shading Mode"},"sceneLighting":true,"audioPlay":false,"sceneViewState":{"m_AlwaysRefresh":false,"showFog":true,"showSkybox":true,"showFlares":true,"showImageEffects":true,"showParticleSystems":true,"showVisualEffectGraphs":true,"m_FxEnabled":true},"in2DMode":false,"pivot":{"x":0.30245035886764529,"y":0.2952830493450165,"z":-2.394181966781616},"rotation":{"x":-0.0016888875979930163,"y":0.9923526048660278,"z":-0.12321287393569946,"w":-0.04920292645692825},"size":2.427948474884033,"orthographic":false}