{"cameraMode":{"drawMode":0,"name":"Shaded","section":"Shading Mode"},"sceneLighting":true,"audioPlay":false,"sceneViewState":{"m_AlwaysRefresh":false,"showFog":true,"showSkybox":true,"showFlares":true,"showImageEffects":true,"showParticleSystems":true,"showVisualEffectGraphs":true,"m_FxEnabled":true},"in2DMode":false,"pivot":{"x":-0.8958421945571899,"y":0.6317488551139832,"z":3.3688418865203859},"rotation":{"x":0.1592322587966919,"y":-0.27964383363723757,"z":0.04709476977586746,"w":0.9457176327705383},"size":2.80358624458313,"orthographic":false}