{"cameraMode":{"drawMode":0,"name":"Shaded","section":"Shading Mode"},"sceneLighting":true,"audioPlay":false,"sceneViewState":{"m_AlwaysRefresh":false,"showFog":true,"showSkybox":true,"showFlares":true,"showImageEffects":true,"showParticleSystems":true,"showVisualEffectGraphs":true,"m_FxEnabled":true},"in2DMode":false,"pivot":{"x":3.17294979095459,"y":2.9785687923431398,"z":5.951429843902588},"rotation":{"x":0.16246016323566438,"y":0.08621631562709809,"z":-0.014246189035475254,"w":0.9828688502311707},"size":4.813372611999512,"orthographic":false}