{"cameraMode":{"drawMode":0,"name":"Shaded","section":"Shading Mode"},"sceneLighting":false,"audioPlay":false,"sceneViewState":{"m_AlwaysRefresh":false,"showFog":true,"showSkybox":false,"showFlares":true,"showImageEffects":true,"showParticleSystems":true,"showVisualEffectGraphs":true,"m_FxEnabled":true},"in2DMode":false,"pivot":{"x":-0.18214812874794007,"y":-0.24523961544036866,"z":0.6560398936271668},"rotation":{"x":0.2538205087184906,"y":0.04436076804995537,"z":-0.01304222084581852,"w":0.9667714834213257},"size":0.5441552400588989,"orthographic":false}