{"cameraMode":{"drawMode":0,"name":"Shaded","section":"Shading Mode"},"sceneLighting":false,"audioPlay":false,"sceneViewState":{"m_AlwaysRefresh":false,"showFog":false,"showSkybox":false,"showFlares":false,"showImageEffects":false,"showParticleSystems":false,"showVisualEffectGraphs":true,"m_FxEnabled":true},"in2DMode":false,"pivot":{"x":-0.3273285925388336,"y":2.24428129196167,"z":-20.094453811645509},"rotation":{"x":0.004787054844200611,"y":1.0006290674209595,"z":0.032691437751054767,"w":-0.00540279783308506},"size":10.788239479064942,"orthographic":false}